Cod,Aberto Em,Solicitação,Situação,Vencimento,Concluído Em
1,20.02.2023,Desinstalar Programa,Aguardando Resposta de Terceiros,09.03.2024,
2,12.06.2023,Instalar o Office,Concluído,18.02.2024,13.01.2024
3,23.10.2023,Desinstalar Programa,Concluído,13.02.2024,21.01.2024
4,06.06.2023,Formatar Computador,Aguardando Resposta Usuário,12.02.2024,
5,10.01.2024,Instalar Programa,Concluído,22.02.2024,15.01.2024
6,30.10.2023,Instalar Programa,Concluído,23.02.2024,08.02.2024
7,30.06.2023,Instalar o Office,Aguardando Resposta de Terceiros,22.02.2024,
8,19.12.2023,Formatar Computador,Aguardando Resposta Usuário,26.02.2024,
9,26.01.2024,Instalar o Office,Aguardando Resposta Usuário,22.02.2024,
10,11.09.2023,Instalar o Office,Concluído,10.03.2024,22.01.2024
11,02.10.2023,Instalar Programa,Aguardando Resposta Usuário,29.02.2024,
12,25.09.2023,Instalar o Office,Não Concluído,17.02.2024,
13,25.07.2023,Desinstalar Programa,Não Concluído,02.03.2024,
14,30.06.2023,Instalar o Office,Não Concluído,25.02.2024,
15,04.02.2024,Instalar Programa,Aguardando Resposta Usuário,14.02.2024,
16,24.04.2023,Instalar Programa,Aguardando Resposta Usuário,18.02.2024,
17,03.05.2023,Manutenção de Hardware,Aguardando Resposta de Terceiros,21.02.2024,
18,19.06.2023,Manutenção de Hardware,Aguardando Resposta de Terceiros,12.03.2024,
19,09.12.2023,Desinstalar Programa,Não Concluído,17.02.2024,
20,03.07.2023,Instalar o Office,Aguardando Resposta de Terceiros,15.02.2024,
21,25.09.2023,Manutenção de Hardware,Não Concluído,23.02.2024,
22,28.11.2023,Formatar Computador,Concluído,09.03.2024,06.02.2024
23,01.06.2023,Instalar Programa,Aguardando Resposta Usuário,10.03.2024,
24,24.07.2023,Instalar o Office,Não Concluído,20.02.2024,
25,17.09.2023,Resolver travamento,Aguardando Resposta de Terceiros,29.02.2024,
26,16.09.2023,Resolver travamento,Não Concluído,08.03.2024,
27,16.09.2023,Instalar o Office,Aguardando Resposta de Terceiros,13.02.2024,
28,15.06.2023,Instalar Programa,Aguardando Resposta de Terceiros,20.02.2024,
29,06.12.2023,Instalar o Office,Não Concluído,27.02.2024,
30,31.05.2023,Resolver travamento,Aguardando Resposta Usuário,27.02.2024,
31,16.11.2023,Desinstalar Programa,Não Concluído,12.03.2024,
32,10.02.2024,Resolver travamento,Não Concluído,29.02.2024,
33,10.10.2023,Resolver travamento,Não Concluído,01.03.2024,
34,30.01.2024,Instalar Programa,Não Concluído,29.02.2024,
35,30.01.2024,Instalar Programa,Não Concluído,26.02.2024,
36,16.04.2023,Instalar Programa,Concluído,26.02.2024,08.02.2024
37,05.02.2024,Instalar Programa,Concluído,19.02.2024,01.02.2024
38,24.11.2023,Resolver travamento,Aguardando Resposta de Terceiros,03.03.2024,
39,24.08.2023,Instalar Programa,Aguardando Resposta Usuário,14.02.2024,
40,20.01.2024,Resolver travamento,Não Concluído,18.02.2024,
41,26.07.2023,Manutenção de Hardware,Aguardando Resposta de Terceiros,07.03.2024,
42,07.11.2023,Instalar o Office,Aguardando Resposta de Terceiros,03.03.2024,
43,19.09.2023,Instalar o Office,Aguardando Resposta de Terceiros,13.02.2024,
44,03.04.2023,Instalar Programa,Não Concluído,02.03.2024,
45,12.07.2023,Manutenção de Hardware,Aguardando Resposta de Terceiros,07.03.2024,
46,03.06.2023,Resolver travamento,Aguardando Resposta de Terceiros,06.03.2024,
47,19.06.2023,Formatar Computador,Aguardando Resposta de Terceiros,28.02.2024,
48,14.02.2023,Resolver travamento,Aguardando Resposta Usuário,08.03.2024,
49,28.07.2023,Manutenção de Hardware,Aguardando Resposta de Terceiros,02.03.2024,
50,01.08.2023,Instalar Programa,Aguardando Resposta de Terceiros,13.02.2024,
51,08.07.2023,Instalar o Office,Aguardando Resposta Usuário,28.02.2024,
52,07.02.2024,Formatar Computador,Aguardando Resposta de Terceiros,12.02.2024,
53,24.05.2023,Resolver travamento,Aguardando Resposta de Terceiros,17.02.2024,
54,17.09.2023,Instalar o Office,Concluído,20.02.2024,25.01.2024
55,17.06.2023,Resolver travamento,Não Concluído,10.03.2024,
56,19.12.2023,Formatar Computador,Concluído,23.02.2024,06.02.2024
57,05.02.2024,Desinstalar Programa,Não Concluído,03.03.2024,
58,01.01.2024,Resolver travamento,Não Concluído,21.02.2024,
59,16.01.2024,Instalar o Office,Concluído,27.02.2024,10.02.2024
60,06.02.2024,Instalar Programa,Aguardando Resposta de Terceiros,20.02.2024,
61,08.12.2023,Formatar Computador,Aguardando Resposta de Terceiros,29.02.2024,
62,30.03.2023,Instalar o Office,Aguardando Resposta Usuário,07.03.2024,
63,26.10.2023,Resolver travamento,Aguardando Resposta Usuário,03.03.2024,
64,10.04.2023,Instalar o Office,Concluído,11.03.2024,22.01.2024
65,14.01.2024,Desinstalar Programa,Aguardando Resposta de Terceiros,04.03.2024,
66,29.05.2023,Manutenção de Hardware,Aguardando Resposta de Terceiros,14.02.2024,
67,18.07.2023,Resolver travamento,Concluído,19.02.2024,25.01.2024
68,27.01.2024,Formatar Computador,Concluído,16.02.2024,12.01.2024
69,08.02.2024,Formatar Computador,Não Concluído,02.03.2024,
70,05.07.2023,Resolver travamento,Concluído,01.03.2024,28.01.2024
71,19.01.2024,Resolver travamento,Concluído,13.02.2024,27.01.2024
72,04.03.2023,Instalar o Office,Não Concluído,19.02.2024,
73,15.08.2023,Desinstalar Programa,Não Concluído,02.03.2024,
74,18.03.2023,Instalar o Office,Aguardando Resposta de Terceiros,10.03.2024,
75,11.07.2023,Manutenção de Hardware,Não Concluído,25.02.2024,
76,25.10.2023,Formatar Computador,Aguardando Resposta Usuário,18.02.2024,
77,03.12.2023,Instalar o Office,Não Concluído,03.03.2024,
78,01.12.2023,Desinstalar Programa,Aguardando Resposta de Terceiros,20.02.2024,
79,23.01.2024,Desinstalar Programa,Não Concluído,12.03.2024,
80,13.08.2023,Instalar o Office,Não Concluído,06.03.2024,
81,28.03.2023,Resolver travamento,Aguardando Resposta de Terceiros,27.02.2024,
82,27.03.2023,Manutenção de Hardware,Não Concluído,06.03.2024,
83,30.11.2023,Instalar Programa,Não Concluído,23.02.2024,
84,02.05.2023,Instalar o Office,Não Concluído,11.03.2024,
85,02.09.2023,Instalar o Office,Não Concluído,12.02.2024,
86,02.12.2023,Resolver travamento,Aguardando Resposta de Terceiros,11.03.2024,
87,16.06.2023,Instalar o Office,Não Concluído,13.02.2024,
88,17.12.2023,Resolver travamento,Aguardando Resposta Usuário,10.03.2024,
89,17.11.2023,Instalar o Office,Aguardando Resposta de Terceiros,13.02.2024,
90,08.07.2023,Resolver travamento,Não Concluído,25.02.2024,
91,08.02.2024,Instalar o Office,Aguardando Resposta Usuário,29.02.2024,
92,24.03.2023,Manutenção de Hardware,Não Concluído,06.03.2024,
93,17.05.2023,Instalar o Office,Não Concluído,25.02.2024,
94,30.06.2023,Instalar o Office,Não Concluído,21.02.2024,
95,14.07.2023,Instalar o Office,Aguardando Resposta Usuário,29.02.2024,
96,20.06.2023,Manutenção de Hardware,Não Concluído,25.02.2024,
97,24.12.2023,Formatar Computador,Concluído,24.02.2024,15.01.2024
98,29.10.2023,Resolver travamento,Aguardando Resposta Usuário,09.03.2024,
99,19.09.2023,Resolver travamento,Aguardando Resposta de Terceiros,10.03.2024,
100,14.11.2023,Resolver travamento,Não Concluído,06.03.2024,
101,30.04.2023,Manutenção de Hardware,Não Concluído,13.02.2024,
102,03.04.2023,Formatar Computador,Concluído,03.03.2024,24.01.2024
103,21.10.2023,Manutenção de Hardware,Aguardando Resposta Usuário,15.02.2024,
104,17.05.2023,Formatar Computador,Aguardando Resposta Usuário,08.03.2024,
105,12.04.2023,Formatar Computador,Aguardando Resposta de Terceiros,04.03.2024,
106,28.08.2023,Instalar Programa,Concluído,02.03.2024,30.01.2024
107,13.03.2023,Instalar o Office,Aguardando Resposta de Terceiros,17.02.2024,
108,04.11.2023,Desinstalar Programa,Aguardando Resposta Usuário,12.03.2024,
109,12.11.2023,Manutenção de Hardware,Concluído,14.02.2024,06.02.2024
110,21.09.2023,Formatar Computador,Concluído,14.02.2024,31.01.2024
111,17.05.2023,Manutenção de Hardware,Aguardando Resposta Usuário,25.02.2024,
112,24.12.2023,Resolver travamento,Não Concluído,12.03.2024,
113,05.12.2023,Formatar Computador,Não Concluído,14.02.2024,
114,20.03.2023,Instalar o Office,Não Concluído,13.02.2024,
115,03.03.2023,Instalar o Office,Aguardando Resposta de Terceiros,03.03.2024,
116,05.11.2023,Instalar Programa,Aguardando Resposta de Terceiros,05.03.2024,
117,03.02.2024,Formatar Computador,Não Concluído,12.02.2024,
118,30.11.2023,Instalar o Office,Aguardando Resposta Usuário,27.02.2024,
119,09.11.2023,Manutenção de Hardware,Concluído,10.03.2024,17.01.2024
120,01.03.2023,Manutenção de Hardware,Aguardando Resposta Usuário,08.03.2024,
121,25.02.2023,Formatar Computador,Aguardando Resposta Usuário,19.02.2024,
122,13.10.2023,Instalar Programa,Concluído,24.02.2024,22.01.2024
123,13.06.2023,Formatar Computador,Aguardando Resposta Usuário,13.02.2024,
124,25.08.2023,Instalar o Office,Não Concluído,25.02.2024,
125,04.07.2023,Desinstalar Programa,Aguardando Resposta Usuário,04.03.2024,
126,02.03.2023,Formatar Computador,Concluído,28.02.2024,10.02.2024
127,24.01.2024,Instalar o Office,Não Concluído,08.03.2024,
128,28.12.2023,Desinstalar Programa,Aguardando Resposta de Terceiros,20.02.2024,
129,12.11.2023,Desinstalar Programa,Aguardando Resposta de Terceiros,09.03.2024,
130,03.02.2024,Desinstalar Programa,Aguardando Resposta de Terceiros,14.02.2024,
131,22.03.2023,Formatar Computador,Concluído,11.03.2024,07.02.2024
132,08.09.2023,Manutenção de Hardware,Não Concluído,12.02.2024,
133,25.12.2023,Formatar Computador,Aguardando Resposta Usuário,11.03.2024,
134,02.02.2024,Formatar Computador,Não Concluído,22.02.2024,
135,07.12.2023,Desinstalar Programa,Aguardando Resposta de Terceiros,14.02.2024,
136,25.03.2023,Formatar Computador,Aguardando Resposta de Terceiros,18.02.2024,
137,22.06.2023,Instalar Programa,Concluído,15.02.2024,25.01.2024
138,02.11.2023,Formatar Computador,Aguardando Resposta Usuário,20.02.2024,
139,31.07.2023,Manutenção de Hardware,Concluído,26.02.2024,06.02.2024
140,03.04.2023,Manutenção de Hardware,Aguardando Resposta de Terceiros,17.02.2024,
141,05.01.2024,Instalar o Office,Não Concluído,16.02.2024,
142,24.07.2023,Manutenção de Hardware,Aguardando Resposta de Terceiros,13.02.2024,
143,17.09.2023,Instalar o Office,Concluído,10.03.2024,20.01.2024
144,08.10.2023,Instalar o Office,Aguardando Resposta de Terceiros,13.02.2024,
145,19.08.2023,Resolver travamento,Aguardando Resposta de Terceiros,25.02.2024,
146,31.07.2023,Manutenção de Hardware,Aguardando Resposta de Terceiros,27.02.2024,
147,20.04.2023,Resolver travamento,Aguardando Resposta Usuário,03.03.2024,
148,24.04.2023,Formatar Computador,Aguardando Resposta Usuário,26.02.2024,
149,12.11.2023,Instalar o Office,Não Concluído,25.02.2024,
150,27.12.2023,Instalar Programa,Aguardando Resposta Usuário,21.02.2024,
151,10.03.2023,Manutenção de Hardware,Não Concluído,08.03.2024,
152,23.01.2024,Resolver travamento,Aguardando Resposta de Terceiros,18.02.2024,
153,30.04.2023,Formatar Computador,Aguardando Resposta de Terceiros,19.02.2024,
154,02.10.2023,Instalar Programa,Aguardando Resposta Usuário,17.02.2024,
155,18.05.2023,Instalar o Office,Aguardando Resposta Usuário,09.03.2024,
156,14.12.2023,Manutenção de Hardware,Aguardando Resposta Usuário,05.03.2024,
157,15.11.2023,Instalar Programa,Aguardando Resposta Usuário,01.03.2024,
158,30.07.2023,Formatar Computador,Aguardando Resposta Usuário,24.02.2024,
159,28.10.2023,Instalar Programa,Concluído,06.03.2024,13.01.2024
160,12.02.2023,Desinstalar Programa,Não Concluído,13.02.2024,
161,04.11.2023,Instalar o Office,Aguardando Resposta de Terceiros,20.02.2024,
162,10.11.2023,Desinstalar Programa,Aguardando Resposta Usuário,06.03.2024,
163,17.05.2023,Resolver travamento,Não Concluído,12.03.2024,
164,13.05.2023,Instalar Programa,Aguardando Resposta de Terceiros,16.02.2024,
165,31.05.2023,Resolver travamento,Aguardando Resposta Usuário,21.02.2024,
166,27.04.2023,Formatar Computador,Aguardando Resposta de Terceiros,17.02.2024,
167,19.01.2024,Manutenção de Hardware,Concluído,09.03.2024,16.01.2024
168,22.07.2023,Manutenção de Hardware,Aguardando Resposta de Terceiros,16.02.2024,
169,02.09.2023,Instalar o Office,Concluído,27.02.2024,02.02.2024
170,09.10.2023,Formatar Computador,Aguardando Resposta de Terceiros,03.03.2024,
171,07.04.2023,Instalar Programa,Não Concluído,29.02.2024,
172,21.04.2023,Formatar Computador,Não Concluído,01.03.2024,
173,08.06.2023,Resolver travamento,Aguardando Resposta Usuário,16.02.2024,
174,28.12.2023,Manutenção de Hardware,Aguardando Resposta Usuário,01.03.2024,
175,05.10.2023,Resolver travamento,Não Concluído,12.03.2024,
176,24.10.2023,Manutenção de Hardware,Aguardando Resposta de Terceiros,12.02.2024,
177,27.08.2023,Resolver travamento,Concluído,20.02.2024,03.02.2024
178,12.12.2023,Instalar Programa,Aguardando Resposta Usuário,08.03.2024,
179,01.06.2023,Formatar Computador,Aguardando Resposta Usuário,02.03.2024,
180,11.01.2024,Formatar Computador,Aguardando Resposta de Terceiros,19.02.2024,
181,20.03.2023,Resolver travamento,Concluído,23.02.2024,08.02.2024
182,22.04.2023,Resolver travamento,Concluído,23.02.2024,22.01.2024
183,10.11.2023,Desinstalar Programa,Concluído,28.02.2024,15.01.2024
184,17.06.2023,Instalar o Office,Aguardando Resposta Usuário,04.03.2024,
185,27.02.2023,Resolver travamento,Não Concluído,28.02.2024,
186,01.09.2023,Instalar o Office,Não Concluído,28.02.2024,
187,07.09.2023,Instalar Programa,Não Concluído,21.02.2024,
188,11.01.2024,Desinstalar Programa,Concluído,24.02.2024,13.01.2024
189,01.08.2023,Resolver travamento,Não Concluído,04.03.2024,
190,22.04.2023,Instalar Programa,Concluído,26.02.2024,07.02.2024
191,09.06.2023,Resolver travamento,Não Concluído,09.03.2024,
192,31.08.2023,Manutenção de Hardware,Aguardando Resposta Usuário,28.02.2024,
193,18.01.2024,Desinstalar Programa,Concluído,07.03.2024,02.02.2024
194,13.05.2023,Resolver travamento,Aguardando Resposta de Terceiros,24.02.2024,
195,27.10.2023,Resolver travamento,Não Concluído,15.02.2024,
196,30.10.2023,Resolver travamento,Aguardando Resposta de Terceiros,13.02.2024,
197,02.07.2023,Instalar Programa,Concluído,23.02.2024,14.01.2024
198,20.06.2023,Resolver travamento,Não Concluído,19.02.2024,
199,24.10.2023,Desinstalar Programa,Concluído,18.02.2024,02.02.2024
200,01.10.2023,Instalar Programa,Aguardando Resposta Usuário,15.02.2024,
201,18.12.2023,Formatar Computador,Não Concluído,29.02.2024,
202,01.02.2024,Resolver travamento,Não Concluído,27.02.2024,
203,17.06.2023,Resolver travamento,Aguardando Resposta de Terceiros,10.03.2024,
204,09.06.2023,Instalar o Office,Aguardando Resposta Usuário,09.03.2024,
205,28.09.2023,Formatar Computador,Aguardando Resposta Usuário,02.03.2024,
206,09.06.2023,Instalar Programa,Aguardando Resposta Usuário,02.03.2024,
207,29.12.2023,Resolver travamento,Não Concluído,01.03.2024,
208,04.07.2023,Instalar o Office,Aguardando Resposta de Terceiros,12.02.2024,
209,20.06.2023,Resolver travamento,Concluído,07.03.2024,03.02.2024
210,06.01.2024,Resolver travamento,Aguardando Resposta Usuário,02.03.2024,
211,28.10.2023,Formatar Computador,Não Concluído,16.02.2024,
212,01.03.2023,Formatar Computador,Aguardando Resposta Usuário,27.02.2024,
213,25.08.2023,Instalar o Office,Aguardando Resposta de Terceiros,27.02.2024,
214,26.05.2023,Instalar Programa,Concluído,12.02.2024,16.01.2024
215,31.07.2023,Formatar Computador,Aguardando Resposta Usuário,08.03.2024,
216,23.07.2023,Formatar Computador,Não Concluído,12.02.2024,
217,02.06.2023,Resolver travamento,Concluído,29.02.2024,27.01.2024
218,03.07.2023,Resolver travamento,Não Concluído,22.02.2024,
219,07.07.2023,Instalar Programa,Aguardando Resposta de Terceiros,27.02.2024,
220,05.10.2023,Resolver travamento,Aguardando Resposta Usuário,20.02.2024,
221,22.01.2024,Instalar Programa,Aguardando Resposta Usuário,22.02.2024,
222,13.10.2023,Instalar o Office,Aguardando Resposta Usuário,03.03.2024,
223,30.12.2023,Formatar Computador,Não Concluído,03.03.2024,
224,28.09.2023,Desinstalar Programa,Aguardando Resposta de Terceiros,11.03.2024,
225,04.03.2023,Desinstalar Programa,Não Concluído,01.03.2024,
226,02.05.2023,Desinstalar Programa,Aguardando Resposta de Terceiros,07.03.2024,
227,26.12.2023,Desinstalar Programa,Não Concluído,16.02.2024,
228,16.03.2023,Manutenção de Hardware,Aguardando Resposta de Terceiros,21.02.2024,
229,09.10.2023,Instalar o Office,Aguardando Resposta Usuário,26.02.2024,
230,23.10.2023,Instalar Programa,Concluído,14.02.2024,13.01.2024
231,10.12.2023,Desinstalar Programa,Aguardando Resposta Usuário,12.03.2024,
232,09.06.2023,Resolver travamento,Não Concluído,10.03.2024,
233,08.04.2023,Formatar Computador,Aguardando Resposta de Terceiros,22.02.2024,
234,21.05.2023,Instalar o Office,Concluído,07.03.2024,24.01.2024
235,05.02.2024,Manutenção de Hardware,Aguardando Resposta Usuário,12.03.2024,
236,28.11.2023,Resolver travamento,Não Concluído,12.02.2024,
237,01.10.2023,Manutenção de Hardware,Não Concluído,15.02.2024,
238,09.04.2023,Desinstalar Programa,Concluído,22.02.2024,23.01.2024
239,13.09.2023,Instalar o Office,Concluído,05.03.2024,31.01.2024
240,19.02.2023,Formatar Computador,Aguardando Resposta Usuário,26.02.2024,
241,04.04.2023,Formatar Computador,Não Concluído,24.02.2024,
242,17.04.2023,Manutenção de Hardware,Aguardando Resposta Usuário,23.02.2024,
243,14.01.2024,Manutenção de Hardware,Concluído,14.02.2024,26.01.2024
244,11.08.2023,Instalar o Office,Não Concluído,11.03.2024,
245,12.11.2023,Formatar Computador,Aguardando Resposta de Terceiros,21.02.2024,
246,27.02.2023,Formatar Computador,Não Concluído,26.02.2024,
247,20.07.2023,Resolver travamento,Aguardando Resposta Usuário,16.02.2024,
248,12.12.2023,Resolver travamento,Aguardando Resposta de Terceiros,01.03.2024,
249,22.09.2023,Instalar Programa,Aguardando Resposta Usuário,01.03.2024,
250,05.12.2023,Instalar Programa,Aguardando Resposta Usuário,20.02.2024,
251,28.09.2023,Desinstalar Programa,Aguardando Resposta Usuário,17.02.2024,
252,05.02.2024,Resolver travamento,Aguardando Resposta de Terceiros,12.02.2024,
253,08.07.2023,Instalar Programa,Aguardando Resposta de Terceiros,04.03.2024,
254,21.11.2023,Resolver travamento,Aguardando Resposta Usuário,12.02.2024,
255,17.02.2023,Desinstalar Programa,Aguardando Resposta de Terceiros,08.03.2024,
256,06.09.2023,Formatar Computador,Aguardando Resposta de Terceiros,24.02.2024,
257,28.08.2023,Resolver travamento,Aguardando Resposta Usuário,17.02.2024,
258,23.08.2023,Desinstalar Programa,Aguardando Resposta de Terceiros,20.02.2024,
259,17.10.2023,Manutenção de Hardware,Aguardando Resposta de Terceiros,18.02.2024,
260,03.03.2023,Instalar Programa,Não Concluído,06.03.2024,
261,21.01.2024,Instalar o Office,Aguardando Resposta de Terceiros,12.02.2024,
262,24.05.2023,Resolver travamento,Aguardando Resposta Usuário,19.02.2024,
263,14.12.2023,Resolver travamento,Concluído,11.03.2024,28.01.2024
264,06.02.2024,Resolver travamento,Não Concluído,08.03.2024,
265,10.08.2023,Desinstalar Programa,Aguardando Resposta de Terceiros,07.03.2024,
266,17.01.2024,Instalar o Office,Não Concluído,26.02.2024,
267,13.01.2024,Formatar Computador,Aguardando Resposta de Terceiros,11.03.2024,
268,21.12.2023,Instalar o Office,Aguardando Resposta Usuário,12.03.2024,
269,06.09.2023,Resolver travamento,Concluído,21.02.2024,24.01.2024
270,06.02.2024,Instalar o Office,Concluído,25.02.2024,08.02.2024
271,06.01.2024,Instalar o Office,Concluído,07.03.2024,22.01.2024
272,26.07.2023,Desinstalar Programa,Aguardando Resposta Usuário,02.03.2024,
273,22.07.2023,Instalar Programa,Não Concluído,28.02.2024,
274,06.10.2023,Instalar Programa,Não Concluído,10.03.2024,
275,25.06.2023,Instalar Programa,Aguardando Resposta Usuário,08.03.2024,
276,02.06.2023,Desinstalar Programa,Concluído,18.02.2024,09.02.2024
277,05.10.2023,Resolver travamento,Concluído,26.02.2024,29.01.2024
278,24.08.2023,Resolver travamento,Aguardando Resposta de Terceiros,23.02.2024,
279,26.08.2023,Instalar o Office,Aguardando Resposta de Terceiros,05.03.2024,
280,01.11.2023,Instalar Programa,Concluído,12.02.2024,23.01.2024
281,03.02.2024,Instalar Programa,Não Concluído,29.02.2024,
282,25.05.2023,Desinstalar Programa,Concluído,24.02.2024,23.01.2024
283,16.08.2023,Resolver travamento,Aguardando Resposta Usuário,09.03.2024,
284,29.06.2023,Instalar o Office,Não Concluído,18.02.2024,
285,12.12.2023,Formatar Computador,Não Concluído,18.02.2024,
286,11.07.2023,Instalar Programa,Não Concluído,08.03.2024,
287,31.07.2023,Formatar Computador,Aguardando Resposta de Terceiros,26.02.2024,
288,12.03.2023,Formatar Computador,Não Concluído,20.02.2024,
289,29.10.2023,Resolver travamento,Aguardando Resposta de Terceiros,11.03.2024,
290,14.09.2023,Instalar o Office,Não Concluído,08.03.2024,
291,30.07.2023,Resolver travamento,Aguardando Resposta Usuário,28.02.2024,
292,08.01.2024,Instalar Programa,Concluído,17.02.2024,14.01.2024
293,11.09.2023,Manutenção de Hardware,Aguardando Resposta Usuário,13.02.2024,
294,08.03.2023,Desinstalar Programa,Aguardando Resposta Usuário,10.03.2024,
295,13.11.2023,Resolver travamento,Não Concluído,15.02.2024,
296,12.03.2023,Resolver travamento,Não Concluído,19.02.2024,
297,28.10.2023,Formatar Computador,Concluído,10.03.2024,30.01.2024
298,27.11.2023,Desinstalar Programa,Concluído,22.02.2024,18.01.2024
299,10.10.2023,Resolver travamento,Não Concluído,04.03.2024,
300,07.12.2023,Instalar o Office,Não Concluído,01.03.2024,
301,18.08.2023,Resolver travamento,Aguardando Resposta de Terceiros,07.03.2024,
302,07.02.2024,Instalar o Office,Não Concluído,08.03.2024,
303,18.12.2023,Desinstalar Programa,Não Concluído,19.02.2024,
304,04.05.2023,Formatar Computador,Concluído,07.03.2024,09.02.2024
305,29.01.2024,Resolver travamento,Aguardando Resposta de Terceiros,12.03.2024,
306,15.03.2023,Formatar Computador,Aguardando Resposta Usuário,13.02.2024,
307,09.08.2023,Instalar o Office,Aguardando Resposta de Terceiros,22.02.2024,
308,16.09.2023,Instalar Programa,Aguardando Resposta Usuário,28.02.2024,
309,13.11.2023,Manutenção de Hardware,Não Concluído,02.03.2024,
310,21.04.2023,Instalar Programa,Concluído,19.02.2024,24.01.2024
311,29.10.2023,Formatar Computador,Concluído,03.03.2024,17.01.2024
312,15.07.2023,Instalar o Office,Concluído,04.03.2024,12.01.2024
313,07.01.2024,Instalar Programa,Concluído,04.03.2024,25.01.2024
314,24.06.2023,Resolver travamento,Aguardando Resposta Usuário,15.02.2024,
315,02.11.2023,Instalar Programa,Concluído,26.02.2024,08.02.2024
316,11.12.2023,Instalar o Office,Não Concluído,15.02.2024,
317,14.03.2023,Instalar o Office,Não Concluído,14.02.2024,
318,10.06.2023,Instalar Programa,Aguardando Resposta Usuário,06.03.2024,
319,08.07.2023,Manutenção de Hardware,Concluído,08.03.2024,15.01.2024
320,22.06.2023,Resolver travamento,Não Concluído,24.02.2024,
321,25.06.2023,Instalar Programa,Aguardando Resposta Usuário,10.03.2024,
322,07.08.2023,Manutenção de Hardware,Não Concluído,29.02.2024,
323,29.03.2023,Resolver travamento,Concluído,19.02.2024,31.01.2024
324,09.11.2023,Formatar Computador,Aguardando Resposta de Terceiros,04.03.2024,
325,19.09.2023,Desinstalar Programa,Aguardando Resposta Usuário,02.03.2024,
326,31.07.2023,Desinstalar Programa,Aguardando Resposta Usuário,13.02.2024,
327,02.07.2023,Formatar Computador,Concluído,08.03.2024,14.01.2024
328,29.11.2023,Manutenção de Hardware,Aguardando Resposta de Terceiros,27.02.2024,
329,10.03.2023,Desinstalar Programa,Aguardando Resposta Usuário,24.02.2024,
330,22.03.2023,Formatar Computador,Concluído,19.02.2024,25.01.2024
331,06.11.2023,Resolver travamento,Não Concluído,02.03.2024,
332,23.09.2023,Formatar Computador,Aguardando Resposta Usuário,14.02.2024,
333,24.09.2023,Instalar Programa,Aguardando Resposta de Terceiros,26.02.2024,
334,07.07.2023,Desinstalar Programa,Não Concluído,12.03.2024,
335,10.11.2023,Instalar Programa,Aguardando Resposta de Terceiros,22.02.2024,
336,20.03.2023,Instalar o Office,Não Concluído,05.03.2024,
337,31.12.2023,Manutenção de Hardware,Aguardando Resposta de Terceiros,08.03.2024,
338,28.05.2023,Manutenção de Hardware,Aguardando Resposta Usuário,23.02.2024,
339,13.09.2023,Desinstalar Programa,Aguardando Resposta de Terceiros,09.03.2024,
340,14.07.2023,Instalar Programa,Aguardando Resposta de Terceiros,18.02.2024,
341,17.10.2023,Formatar Computador,Aguardando Resposta Usuário,12.02.2024,
342,01.03.2023,Formatar Computador,Aguardando Resposta de Terceiros,03.03.2024,
343,05.10.2023,Resolver travamento,Não Concluído,21.02.2024,
344,01.10.2023,Resolver travamento,Aguardando Resposta Usuário,16.02.2024,
345,17.11.2023,Instalar Programa,Não Concluído,10.03.2024,
346,23.04.2023,Desinstalar Programa,Aguardando Resposta Usuário,06.03.2024,
347,01.02.2024,Instalar o Office,Aguardando Resposta de Terceiros,19.02.2024,
348,26.04.2023,Manutenção de Hardware,Aguardando Resposta Usuário,06.03.2024,
349,20.10.2023,Manutenção de Hardware,Aguardando Resposta Usuário,16.02.2024,
350,10.07.2023,Instalar Programa,Não Concluído,21.02.2024,
351,18.02.2023,Manutenção de Hardware,Aguardando Resposta Usuário,24.02.2024,
352,17.04.2023,Resolver travamento,Aguardando Resposta Usuário,22.02.2024,
353,03.11.2023,Resolver travamento,Aguardando Resposta de Terceiros,17.02.2024,
354,27.02.2023,Instalar o Office,Concluído,19.02.2024,17.01.2024
355,01.06.2023,Desinstalar Programa,Aguardando Resposta Usuário,29.02.2024,
356,15.06.2023,Resolver travamento,Concluído,13.02.2024,07.02.2024
357,01.11.2023,Instalar o Office,Não Concluído,21.02.2024,
358,05.01.2024,Instalar Programa,Aguardando Resposta de Terceiros,01.03.2024,
359,10.02.2024,Instalar o Office,Aguardando Resposta de Terceiros,12.02.2024,
360,08.03.2023,Desinstalar Programa,Concluído,01.03.2024,17.01.2024
361,30.09.2023,Formatar Computador,Aguardando Resposta de Terceiros,15.02.2024,
362,20.11.2023,Formatar Computador,Não Concluído,15.02.2024,
363,28.03.2023,Desinstalar Programa,Aguardando Resposta Usuário,27.02.2024,
364,21.06.2023,Desinstalar Programa,Aguardando Resposta Usuário,02.03.2024,
365,09.06.2023,Instalar Programa,Aguardando Resposta de Terceiros,28.02.2024,
366,06.08.2023,Instalar Programa,Aguardando Resposta Usuário,06.03.2024,
367,15.03.2023,Resolver travamento,Aguardando Resposta Usuário,24.02.2024,
368,04.02.2024,Resolver travamento,Concluído,10.03.2024,01.02.2024
369,04.09.2023,Desinstalar Programa,Não Concluído,28.02.2024,
370,13.11.2023,Formatar Computador,Concluído,18.02.2024,01.02.2024
371,21.07.2023,Resolver travamento,Concluído,03.03.2024,21.01.2024
372,10.03.2023,Instalar Programa,Concluído,03.03.2024,12.01.2024
373,26.07.2023,Formatar Computador,Aguardando Resposta Usuário,23.02.2024,
374,24.11.2023,Formatar Computador,Aguardando Resposta de Terceiros,15.02.2024,
375,10.01.2024,Instalar Programa,Não Concluído,20.02.2024,
376,21.02.2023,Resolver travamento,Aguardando Resposta de Terceiros,26.02.2024,
377,04.03.2023,Manutenção de Hardware,Aguardando Resposta de Terceiros,27.02.2024,
378,01.03.2023,Instalar o Office,Concluído,09.03.2024,29.01.2024
379,18.05.2023,Formatar Computador,Concluído,05.03.2024,12.01.2024
380,24.01.2024,Instalar Programa,Aguardando Resposta Usuário,27.02.2024,
381,17.12.2023,Instalar o Office,Concluído,03.03.2024,01.02.2024
382,21.07.2023,Instalar o Office,Não Concluído,10.03.2024,
383,16.11.2023,Formatar Computador,Aguardando Resposta Usuário,11.03.2024,
384,19.11.2023,Formatar Computador,Não Concluído,09.03.2024,
385,18.05.2023,Instalar Programa,Concluído,29.02.2024,15.01.2024
386,15.07.2023,Manutenção de Hardware,Não Concluído,10.03.2024,
387,23.08.2023,Manutenção de Hardware,Concluído,14.02.2024,18.01.2024
388,05.07.2023,Instalar o Office,Aguardando Resposta Usuário,09.03.2024,
389,18.09.2023,Resolver travamento,Concluído,26.02.2024,30.01.2024
390,19.08.2023,Resolver travamento,Aguardando Resposta de Terceiros,29.02.2024,
391,21.07.2023,Instalar Programa,Não Concluído,19.02.2024,
392,27.04.2023,Formatar Computador,Aguardando Resposta de Terceiros,19.02.2024,
393,29.08.2023,Instalar Programa,Concluído,04.03.2024,04.02.2024
394,24.05.2023,Desinstalar Programa,Aguardando Resposta Usuário,15.02.2024,
395,08.09.2023,Instalar Programa,Não Concluído,08.03.2024,
396,17.01.2024,Instalar o Office,Aguardando Resposta de Terceiros,18.02.2024,
397,01.09.2023,Resolver travamento,Aguardando Resposta Usuário,23.02.2024,
398,28.07.2023,Resolver travamento,Não Concluído,28.02.2024,
399,17.03.2023,Instalar Programa,Não Concluído,27.02.2024,
400,12.10.2023,Resolver travamento,Concluído,09.03.2024,03.02.2024
401,06.04.2023,Manutenção de Hardware,Concluído,02.03.2024,21.01.2024
402,28.06.2023,Instalar Programa,Aguardando Resposta de Terceiros,17.02.2024,
403,01.03.2023,Manutenção de Hardware,Aguardando Resposta Usuário,24.02.2024,
404,06.05.2023,Formatar Computador,Não Concluído,24.02.2024,
405,15.06.2023,Resolver travamento,Concluído,12.03.2024,22.01.2024
406,30.09.2023,Instalar Programa,Aguardando Resposta Usuário,20.02.2024,
407,30.08.2023,Manutenção de Hardware,Aguardando Resposta de Terceiros,17.02.2024,
408,23.06.2023,Formatar Computador,Aguardando Resposta Usuário,20.02.2024,
409,02.02.2024,Manutenção de Hardware,Concluído,26.02.2024,29.01.2024
410,07.03.2023,Resolver travamento,Não Concluído,15.02.2024,
411,10.07.2023,Manutenção de Hardware,Não Concluído,20.02.2024,
412,16.01.2024,Resolver travamento,Aguardando Resposta de Terceiros,20.02.2024,
413,17.04.2023,Resolver travamento,Aguardando Resposta de Terceiros,20.02.2024,
414,10.09.2023,Resolver travamento,Não Concluído,23.02.2024,
415,15.10.2023,Resolver travamento,Concluído,27.02.2024,30.01.2024
416,30.01.2024,Instalar o Office,Não Concluído,02.03.2024,
417,22.07.2023,Formatar Computador,Concluído,27.02.2024,07.02.2024
418,13.06.2023,Formatar Computador,Aguardando Resposta de Terceiros,26.02.2024,
419,05.09.2023,Formatar Computador,Concluído,07.03.2024,14.01.2024
420,24.04.2023,Desinstalar Programa,Concluído,12.02.2024,25.01.2024
421,25.05.2023,Desinstalar Programa,Aguardando Resposta de Terceiros,13.02.2024,
422,25.06.2023,Desinstalar Programa,Aguardando Resposta Usuário,19.02.2024,
423,22.04.2023,Resolver travamento,Aguardando Resposta de Terceiros,05.03.2024,
424,05.12.2023,Formatar Computador,Aguardando Resposta Usuário,18.02.2024,
425,16.07.2023,Desinstalar Programa,Concluído,14.02.2024,06.02.2024
426,18.12.2023,Formatar Computador,Aguardando Resposta Usuário,18.02.2024,
427,21.09.2023,Instalar o Office,Não Concluído,16.02.2024,
428,12.03.2023,Manutenção de Hardware,Aguardando Resposta Usuário,15.02.2024,
429,18.03.2023,Resolver travamento,Não Concluído,20.02.2024,
430,20.04.2023,Instalar o Office,Não Concluído,09.03.2024,
431,05.02.2024,Instalar Programa,Aguardando Resposta de Terceiros,27.02.2024,
432,22.01.2024,Formatar Computador,Aguardando Resposta Usuário,25.02.2024,
433,16.04.2023,Instalar Programa,Aguardando Resposta Usuário,20.02.2024,
434,02.03.2023,Desinstalar Programa,Aguardando Resposta de Terceiros,20.02.2024,
435,11.06.2023,Desinstalar Programa,Não Concluído,08.03.2024,
436,12.01.2024,Instalar o Office,Concluído,27.02.2024,12.01.2024
437,09.12.2023,Manutenção de Hardware,Concluído,04.03.2024,12.01.2024
438,07.08.2023,Formatar Computador,Não Concluído,20.02.2024,
439,04.04.2023,Desinstalar Programa,Não Concluído,14.02.2024,
440,29.10.2023,Instalar Programa,Aguardando Resposta de Terceiros,10.03.2024,
441,20.08.2023,Desinstalar Programa,Aguardando Resposta de Terceiros,18.02.2024,
442,09.06.2023,Manutenção de Hardware,Não Concluído,19.02.2024,
443,11.05.2023,Instalar Programa,Aguardando Resposta Usuário,08.03.2024,
444,07.12.2023,Resolver travamento,Concluído,10.03.2024,23.01.2024
445,26.09.2023,Manutenção de Hardware,Aguardando Resposta Usuário,08.03.2024,
446,15.05.2023,Instalar o Office,Aguardando Resposta Usuário,04.03.2024,
447,07.09.2023,Formatar Computador,Aguardando Resposta de Terceiros,05.03.2024,
448,17.06.2023,Desinstalar Programa,Concluído,26.02.2024,30.01.2024
449,19.05.2023,Resolver travamento,Aguardando Resposta Usuário,15.02.2024,
450,03.01.2024,Resolver travamento,Não Concluído,07.03.2024,
451,08.10.2023,Instalar o Office,Concluído,24.02.2024,07.02.2024
452,05.01.2024,Resolver travamento,Aguardando Resposta de Terceiros,06.03.2024,
453,02.03.2023,Resolver travamento,Não Concluído,02.03.2024,
454,27.02.2023,Desinstalar Programa,Concluído,10.03.2024,13.01.2024
455,13.09.2023,Manutenção de Hardware,Aguardando Resposta de Terceiros,28.02.2024,
456,11.01.2024,Resolver travamento,Aguardando Resposta de Terceiros,01.03.2024,
457,13.09.2023,Instalar o Office,Não Concluído,27.02.2024,
458,27.03.2023,Resolver travamento,Não Concluído,25.02.2024,
459,27.05.2023,Instalar Programa,Aguardando Resposta Usuário,12.02.2024,
460,08.10.2023,Formatar Computador,Aguardando Resposta de Terceiros,17.02.2024,
461,30.11.2023,Manutenção de Hardware,Não Concluído,07.03.2024,
462,27.07.2023,Formatar Computador,Não Concluído,25.02.2024,
463,25.02.2023,Resolver travamento,Aguardando Resposta Usuário,24.02.2024,
464,10.02.2024,Desinstalar Programa,Aguardando Resposta de Terceiros,15.02.2024,
465,22.01.2024,Formatar Computador,Concluído,25.02.2024,10.02.2024
466,14.07.2023,Instalar Programa,Concluído,02.03.2024,13.01.2024
467,06.05.2023,Instalar o Office,Concluído,28.02.2024,10.02.2024
468,22.07.2023,Desinstalar Programa,Aguardando Resposta de Terceiros,28.02.2024,
469,14.07.2023,Resolver travamento,Aguardando Resposta Usuário,01.03.2024,
470,15.06.2023,Manutenção de Hardware,Não Concluído,03.03.2024,
471,23.02.2023,Desinstalar Programa,Não Concluído,12.03.2024,
472,11.09.2023,Formatar Computador,Não Concluído,16.02.2024,
473,03.05.2023,Manutenção de Hardware,Não Concluído,14.02.2024,
474,12.03.2023,Instalar o Office,Não Concluído,02.03.2024,
475,31.03.2023,Manutenção de Hardware,Aguardando Resposta de Terceiros,01.03.2024,
476,23.09.2023,Resolver travamento,Aguardando Resposta de Terceiros,12.02.2024,
477,28.05.2023,Instalar Programa,Concluído,15.02.2024,22.01.2024
478,27.01.2024,Manutenção de Hardware,Aguardando Resposta de Terceiros,07.03.2024,
479,11.01.2024,Manutenção de Hardware,Concluído,12.03.2024,06.02.2024
480,22.12.2023,Instalar Programa,Concluído,13.02.2024,02.02.2024
481,03.04.2023,Resolver travamento,Concluído,19.02.2024,05.02.2024
482,12.05.2023,Formatar Computador,Não Concluído,14.02.2024,
483,24.05.2023,Instalar Programa,Concluído,21.02.2024,27.01.2024
484,11.12.2023,Instalar o Office,Não Concluído,17.02.2024,
485,18.06.2023,Resolver travamento,Concluído,20.02.2024,05.02.2024
486,02.03.2023,Instalar Programa,Aguardando Resposta de Terceiros,28.02.2024,
487,30.11.2023,Resolver travamento,Aguardando Resposta de Terceiros,22.02.2024,
488,10.10.2023,Desinstalar Programa,Não Concluído,22.02.2024,
489,17.11.2023,Manutenção de Hardware,Aguardando Resposta Usuário,24.02.2024,
490,03.02.2024,Resolver travamento,Concluído,07.03.2024,31.01.2024
491,24.01.2024,Desinstalar Programa,Concluído,23.02.2024,21.01.2024
492,06.05.2023,Formatar Computador,Aguardando Resposta de Terceiros,10.03.2024,
493,27.11.2023,Instalar Programa,Não Concluído,22.02.2024,
494,26.06.2023,Instalar o Office,Aguardando Resposta de Terceiros,15.02.2024,
495,23.12.2023,Formatar Computador,Aguardando Resposta de Terceiros,06.03.2024,
496,23.09.2023,Manutenção de Hardware,Concluído,09.03.2024,25.01.2024
497,29.07.2023,Instalar Programa,Aguardando Resposta Usuário,16.02.2024,
498,11.09.2023,Manutenção de Hardware,Aguardando Resposta de Terceiros,16.02.2024,
499,16.10.2023,Resolver travamento,Aguardando Resposta Usuário,02.03.2024,
500,11.04.2023,Instalar Programa,Não Concluído,18.02.2024,
501,15.05.2023,Instalar o Office,Aguardando Resposta de Terceiros,24.02.2024,
502,17.07.2023,Formatar Computador,Não Concluído,11.03.2024,
503,13.04.2023,Manutenção de Hardware,Aguardando Resposta Usuário,27.02.2024,
504,26.12.2023,Formatar Computador,Aguardando Resposta de Terceiros,29.02.2024,
505,07.05.2023,Desinstalar Programa,Aguardando Resposta Usuário,29.02.2024,
506,04.09.2023,Instalar Programa,Aguardando Resposta Usuário,21.02.2024,
507,01.01.2024,Manutenção de Hardware,Aguardando Resposta de Terceiros,08.03.2024,
508,05.01.2024,Formatar Computador,Aguardando Resposta de Terceiros,08.03.2024,
509,01.08.2023,Manutenção de Hardware,Concluído,03.03.2024,08.02.2024
510,18.08.2023,Desinstalar Programa,Aguardando Resposta de Terceiros,07.03.2024,
511,22.01.2024,Instalar o Office,Não Concluído,06.03.2024,
512,23.09.2023,Desinstalar Programa,Aguardando Resposta de Terceiros,05.03.2024,
513,12.10.2023,Instalar o Office,Concluído,10.03.2024,25.01.2024
514,19.10.2023,Manutenção de Hardware,Concluído,26.02.2024,30.01.2024
515,22.05.2023,Desinstalar Programa,Aguardando Resposta Usuário,01.03.2024,
516,02.10.2023,Instalar o Office,Não Concluído,15.02.2024,
517,20.06.2023,Instalar Programa,Aguardando Resposta de Terceiros,23.02.2024,
518,26.06.2023,Resolver travamento,Aguardando Resposta de Terceiros,09.03.2024,
519,30.08.2023,Desinstalar Programa,Não Concluído,25.02.2024,
520,18.03.2023,Manutenção de Hardware,Não Concluído,18.02.2024,
521,23.12.2023,Desinstalar Programa,Aguardando Resposta Usuário,26.02.2024,
522,05.10.2023,Instalar Programa,Concluído,02.03.2024,29.01.2024
523,28.03.2023,Instalar Programa,Aguardando Resposta de Terceiros,01.03.2024,
524,07.02.2024,Manutenção de Hardware,Aguardando Resposta de Terceiros,24.02.2024,
525,20.12.2023,Formatar Computador,Concluído,14.02.2024,04.02.2024
526,04.02.2024,Instalar Programa,Aguardando Resposta Usuário,24.02.2024,
527,03.08.2023,Manutenção de Hardware,Concluído,23.02.2024,19.01.2024
528,18.02.2023,Instalar Programa,Não Concluído,10.03.2024,
529,03.01.2024,Instalar o Office,Aguardando Resposta Usuário,12.03.2024,
530,24.02.2023,Resolver travamento,Concluído,20.02.2024,24.01.2024
531,19.01.2024,Manutenção de Hardware,Não Concluído,27.02.2024,
532,11.05.2023,Instalar o Office,Aguardando Resposta de Terceiros,28.02.2024,
533,31.01.2024,Instalar Programa,Concluído,16.02.2024,06.02.2024
534,03.05.2023,Instalar o Office,Não Concluído,28.02.2024,
535,09.01.2024,Manutenção de Hardware,Aguardando Resposta Usuário,22.02.2024,
536,16.12.2023,Instalar o Office,Concluído,15.02.2024,30.01.2024
537,13.10.2023,Manutenção de Hardware,Aguardando Resposta de Terceiros,18.02.2024,
538,28.06.2023,Manutenção de Hardware,Aguardando Resposta de Terceiros,07.03.2024,
539,12.01.2024,Manutenção de Hardware,Aguardando Resposta Usuário,16.02.2024,
540,18.08.2023,Instalar Programa,Aguardando Resposta Usuário,21.02.2024,
541,03.09.2023,Formatar Computador,Não Concluído,08.03.2024,
542,07.02.2024,Formatar Computador,Aguardando Resposta Usuário,29.02.2024,
543,21.06.2023,Resolver travamento,Não Concluído,14.02.2024,
544,22.07.2023,Instalar Programa,Não Concluído,25.02.2024,
545,02.10.2023,Resolver travamento,Não Concluído,11.03.2024,
546,04.12.2023,Instalar o Office,Aguardando Resposta Usuário,16.02.2024,
547,18.04.2023,Desinstalar Programa,Aguardando Resposta de Terceiros,06.03.2024,
548,09.04.2023,Instalar o Office,Concluído,01.03.2024,25.01.2024
549,29.01.2024,Manutenção de Hardware,Aguardando Resposta de Terceiros,19.02.2024,
550,12.07.2023,Resolver travamento,Concluído,08.03.2024,25.01.2024
551,25.05.2023,Manutenção de Hardware,Aguardando Resposta Usuário,07.03.2024,
552,30.06.2023,Instalar Programa,Aguardando Resposta de Terceiros,08.03.2024,
553,02.04.2023,Desinstalar Programa,Aguardando Resposta de Terceiros,16.02.2024,
554,27.03.2023,Instalar o Office,Concluído,14.02.2024,18.01.2024
555,16.10.2023,Instalar Programa,Aguardando Resposta Usuário,16.02.2024,
556,21.04.2023,Resolver travamento,Não Concluído,12.02.2024,
557,25.09.2023,Formatar Computador,Concluído,08.03.2024,03.02.2024
558,05.02.2024,Instalar Programa,Concluído,24.02.2024,08.02.2024
559,04.10.2023,Resolver travamento,Não Concluído,21.02.2024,
560,31.07.2023,Instalar o Office,Aguardando Resposta Usuário,16.02.2024,
561,31.08.2023,Instalar o Office,Não Concluído,02.03.2024,
562,14.04.2023,Manutenção de Hardware,Aguardando Resposta de Terceiros,19.02.2024,
563,21.04.2023,Manutenção de Hardware,Não Concluído,04.03.2024,
564,30.10.2023,Formatar Computador,Aguardando Resposta Usuário,07.03.2024,
565,26.10.2023,Resolver travamento,Aguardando Resposta Usuário,19.02.2024,
566,25.05.2023,Instalar o Office,Não Concluído,17.02.2024,
567,29.08.2023,Manutenção de Hardware,Aguardando Resposta Usuário,16.02.2024,
568,23.10.2023,Resolver travamento,Concluído,13.02.2024,19.01.2024
569,02.11.2023,Formatar Computador,Concluído,12.02.2024,03.02.2024
570,18.12.2023,Instalar Programa,Não Concluído,19.02.2024,
571,27.03.2023,Instalar Programa,Concluído,22.02.2024,15.01.2024
572,12.07.2023,Instalar Programa,Não Concluído,24.02.2024,
573,26.05.2023,Desinstalar Programa,Aguardando Resposta de Terceiros,20.02.2024,
574,21.04.2023,Formatar Computador,Aguardando Resposta de Terceiros,18.02.2024,
575,18.07.2023,Manutenção de Hardware,Concluído,02.03.2024,03.02.2024
576,26.09.2023,Manutenção de Hardware,Aguardando Resposta de Terceiros,29.02.2024,
577,06.04.2023,Desinstalar Programa,Aguardando Resposta Usuário,29.02.2024,
578,09.07.2023,Instalar Programa,Concluído,20.02.2024,06.02.2024
579,29.09.2023,Desinstalar Programa,Aguardando Resposta Usuário,04.03.2024,
580,27.05.2023,Manutenção de Hardware,Aguardando Resposta Usuário,17.02.2024,
581,14.05.2023,Resolver travamento,Concluído,02.03.2024,02.02.2024
582,11.07.2023,Resolver travamento,Aguardando Resposta Usuário,05.03.2024,
583,20.06.2023,Instalar o Office,Não Concluído,10.03.2024,
584,22.12.2023,Resolver travamento,Não Concluído,24.02.2024,
585,13.05.2023,Instalar o Office,Concluído,13.02.2024,24.01.2024
586,05.02.2024,Manutenção de Hardware,Aguardando Resposta Usuário,10.03.2024,
587,20.10.2023,Desinstalar Programa,Concluído,10.03.2024,08.02.2024
588,30.06.2023,Formatar Computador,Concluído,15.02.2024,29.01.2024
589,19.09.2023,Formatar Computador,Não Concluído,10.03.2024,
590,05.01.2024,Formatar Computador,Aguardando Resposta Usuário,19.02.2024,
591,17.05.2023,Formatar Computador,Aguardando Resposta Usuário,28.02.2024,
592,30.06.2023,Formatar Computador,Não Concluído,16.02.2024,
593,10.10.2023,Resolver travamento,Concluído,17.02.2024,14.01.2024
594,17.08.2023,Formatar Computador,Aguardando Resposta de Terceiros,03.03.2024,
595,27.03.2023,Instalar o Office,Não Concluído,11.03.2024,
596,27.11.2023,Formatar Computador,Aguardando Resposta Usuário,13.02.2024,
597,09.01.2024,Manutenção de Hardware,Aguardando Resposta de Terceiros,26.02.2024,
598,13.06.2023,Instalar Programa,Não Concluído,22.02.2024,
599,05.02.2024,Instalar Programa,Aguardando Resposta de Terceiros,23.02.2024,
600,21.01.2024,Formatar Computador,Aguardando Resposta Usuário,29.02.2024,
601,09.10.2023,Instalar o Office,Aguardando Resposta Usuário,15.02.2024,
602,11.11.2023,Formatar Computador,Não Concluído,12.03.2024,
603,10.08.2023,Instalar Programa,Aguardando Resposta de Terceiros,22.02.2024,
604,12.03.2023,Instalar Programa,Não Concluído,27.02.2024,
605,26.02.2023,Instalar o Office,Aguardando Resposta de Terceiros,15.02.2024,
606,12.07.2023,Instalar o Office,Concluído,09.03.2024,13.01.2024
607,09.06.2023,Manutenção de Hardware,Não Concluído,01.03.2024,
608,16.04.2023,Instalar Programa,Aguardando Resposta Usuário,03.03.2024,
609,06.06.2023,Formatar Computador,Concluído,22.02.2024,02.02.2024
610,03.04.2023,Manutenção de Hardware,Não Concluído,19.02.2024,
611,24.07.2023,Instalar Programa,Não Concluído,15.02.2024,
612,29.11.2023,Instalar o Office,Aguardando Resposta de Terceiros,02.03.2024,
613,12.11.2023,Formatar Computador,Aguardando Resposta Usuário,26.02.2024,
614,13.09.2023,Resolver travamento,Aguardando Resposta Usuário,22.02.2024,
615,24.07.2023,Desinstalar Programa,Aguardando Resposta Usuário,07.03.2024,
616,16.07.2023,Instalar o Office,Não Concluído,13.02.2024,
617,07.01.2024,Manutenção de Hardware,Não Concluído,26.02.2024,
618,06.11.2023,Resolver travamento,Não Concluído,27.02.2024,
619,30.10.2023,Instalar o Office,Aguardando Resposta de Terceiros,23.02.2024,
620,26.08.2023,Instalar Programa,Não Concluído,29.02.2024,
621,22.01.2024,Resolver travamento,Aguardando Resposta de Terceiros,07.03.2024,
622,02.01.2024,Resolver travamento,Concluído,29.02.2024,14.01.2024
623,03.05.2023,Instalar Programa,Concluído,17.02.2024,16.01.2024
624,09.01.2024,Formatar Computador,Aguardando Resposta de Terceiros,13.02.2024,
625,09.11.2023,Manutenção de Hardware,Aguardando Resposta Usuário,13.02.2024,
626,13.09.2023,Manutenção de Hardware,Aguardando Resposta de Terceiros,15.02.2024,
627,27.06.2023,Desinstalar Programa,Aguardando Resposta de Terceiros,06.03.2024,
628,30.09.2023,Instalar Programa,Não Concluído,10.03.2024,
629,11.01.2024,Desinstalar Programa,Aguardando Resposta de Terceiros,22.02.2024,
630,10.04.2023,Instalar o Office,Aguardando Resposta de Terceiros,19.02.2024,
631,02.07.2023,Desinstalar Programa,Concluído,14.02.2024,27.01.2024
632,08.09.2023,Desinstalar Programa,Aguardando Resposta Usuário,10.03.2024,
633,23.01.2024,Desinstalar Programa,Aguardando Resposta de Terceiros,28.02.2024,
634,04.07.2023,Formatar Computador,Aguardando Resposta de Terceiros,12.02.2024,
635,13.03.2023,Instalar Programa,Aguardando Resposta de Terceiros,08.03.2024,
636,16.07.2023,Instalar Programa,Aguardando Resposta de Terceiros,06.03.2024,
637,30.08.2023,Instalar Programa,Não Concluído,13.02.2024,
638,30.01.2024,Instalar Programa,Não Concluído,06.03.2024,
639,24.01.2024,Formatar Computador,Não Concluído,19.02.2024,
640,20.11.2023,Manutenção de Hardware,Aguardando Resposta de Terceiros,23.02.2024,
641,16.11.2023,Desinstalar Programa,Aguardando Resposta de Terceiros,15.02.2024,
642,18.11.2023,Instalar Programa,Concluído,04.03.2024,14.01.2024
643,01.07.2023,Formatar Computador,Concluído,29.02.2024,23.01.2024
644,05.12.2023,Desinstalar Programa,Aguardando Resposta de Terceiros,11.03.2024,
645,21.04.2023,Instalar o Office,Aguardando Resposta Usuário,14.02.2024,
646,21.05.2023,Resolver travamento,Não Concluído,23.02.2024,
647,05.09.2023,Instalar Programa,Concluído,09.03.2024,14.01.2024
648,30.04.2023,Instalar Programa,Aguardando Resposta de Terceiros,18.02.2024,
649,02.04.2023,Instalar Programa,Concluído,24.02.2024,16.01.2024
650,18.04.2023,Instalar o Office,Aguardando Resposta de Terceiros,16.02.2024,
651,18.05.2023,Resolver travamento,Aguardando Resposta Usuário,14.02.2024,
652,26.05.2023,Instalar o Office,Não Concluído,27.02.2024,
653,20.12.2023,Resolver travamento,Aguardando Resposta de Terceiros,28.02.2024,
654,08.02.2024,Resolver travamento,Não Concluído,28.02.2024,
655,21.10.2023,Instalar Programa,Concluído,14.02.2024,03.02.2024
656,14.03.2023,Desinstalar Programa,Não Concluído,06.03.2024,
657,01.05.2023,Desinstalar Programa,Não Concluído,04.03.2024,
658,02.06.2023,Formatar Computador,Aguardando Resposta Usuário,28.02.2024,
659,19.02.2023,Resolver travamento,Concluído,26.02.2024,27.01.2024
660,23.05.2023,Manutenção de Hardware,Aguardando Resposta de Terceiros,05.03.2024,
661,19.07.2023,Desinstalar Programa,Não Concluído,16.02.2024,
662,10.06.2023,Manutenção de Hardware,Não Concluído,01.03.2024,
663,26.05.2023,Manutenção de Hardware,Concluído,20.02.2024,28.01.2024
664,17.09.2023,Instalar Programa,Aguardando Resposta de Terceiros,18.02.2024,
665,08.01.2024,Instalar Programa,Concluído,15.02.2024,01.02.2024
666,04.01.2024,Resolver travamento,Concluído,09.03.2024,25.01.2024
667,05.06.2023,Resolver travamento,Aguardando Resposta de Terceiros,01.03.2024,
668,26.12.2023,Manutenção de Hardware,Não Concluído,20.02.2024,
669,28.08.2023,Desinstalar Programa,Aguardando Resposta Usuário,21.02.2024,
670,18.09.2023,Manutenção de Hardware,Concluído,25.02.2024,24.01.2024
671,26.06.2023,Resolver travamento,Não Concluído,23.02.2024,
672,10.01.2024,Formatar Computador,Não Concluído,17.02.2024,
673,21.05.2023,Formatar Computador,Concluído,13.02.2024,06.02.2024
674,24.01.2024,Instalar o Office,Não Concluído,01.03.2024,
675,01.11.2023,Manutenção de Hardware,Aguardando Resposta Usuário,10.03.2024,
676,24.09.2023,Resolver travamento,Aguardando Resposta de Terceiros,05.03.2024,
677,15.04.2023,Resolver travamento,Concluído,13.02.2024,28.01.2024
678,16.12.2023,Desinstalar Programa,Não Concluído,04.03.2024,
679,22.08.2023,Manutenção de Hardware,Aguardando Resposta Usuário,12.03.2024,
680,26.09.2023,Resolver travamento,Aguardando Resposta de Terceiros,02.03.2024,
681,02.08.2023,Instalar Programa,Concluído,07.03.2024,02.02.2024
682,07.09.2023,Desinstalar Programa,Aguardando Resposta Usuário,22.02.2024,
683,28.01.2024,Resolver travamento,Concluído,01.03.2024,09.02.2024
684,17.07.2023,Instalar Programa,Aguardando Resposta Usuário,07.03.2024,
685,24.10.2023,Manutenção de Hardware,Aguardando Resposta Usuário,27.02.2024,
686,22.02.2023,Formatar Computador,Não Concluído,13.02.2024,
687,26.06.2023,Instalar Programa,Concluído,01.03.2024,21.01.2024
688,18.06.2023,Resolver travamento,Concluído,02.03.2024,30.01.2024
689,13.02.2023,Instalar o Office,Concluído,04.03.2024,08.02.2024
690,12.01.2024,Manutenção de Hardware,Não Concluído,25.02.2024,
691,09.06.2023,Formatar Computador,Aguardando Resposta Usuário,26.02.2024,
692,13.01.2024,Instalar o Office,Aguardando Resposta de Terceiros,28.02.2024,
693,03.05.2023,Desinstalar Programa,Aguardando Resposta Usuário,17.02.2024,
694,12.05.2023,Instalar o Office,Aguardando Resposta de Terceiros,01.03.2024,
695,26.05.2023,Instalar o Office,Concluído,09.03.2024,21.01.2024
696,20.10.2023,Desinstalar Programa,Não Concluído,03.03.2024,
697,08.05.2023,Instalar Programa,Aguardando Resposta Usuário,14.02.2024,
698,27.07.2023,Desinstalar Programa,Aguardando Resposta Usuário,12.03.2024,
699,18.11.2023,Manutenção de Hardware,Não Concluído,13.02.2024,
700,06.11.2023,Resolver travamento,Concluído,16.02.2024,21.01.2024
701,25.04.2023,Formatar Computador,Concluído,08.03.2024,27.01.2024
702,02.08.2023,Desinstalar Programa,Aguardando Resposta Usuário,19.02.2024,
703,23.08.2023,Formatar Computador,Concluído,12.03.2024,02.02.2024
704,07.03.2023,Instalar Programa,Concluído,22.02.2024,28.01.2024
705,13.05.2023,Desinstalar Programa,Não Concluído,27.02.2024,
706,30.09.2023,Formatar Computador,Concluído,16.02.2024,27.01.2024
707,24.07.2023,Instalar Programa,Aguardando Resposta Usuário,21.02.2024,
708,13.09.2023,Instalar Programa,Aguardando Resposta de Terceiros,09.03.2024,
709,31.10.2023,Instalar Programa,Não Concluído,26.02.2024,
710,11.11.2023,Desinstalar Programa,Aguardando Resposta Usuário,07.03.2024,
711,05.06.2023,Formatar Computador,Não Concluído,23.02.2024,
712,05.09.2023,Instalar o Office,Não Concluído,12.02.2024,
713,21.02.2023,Instalar Programa,Aguardando Resposta de Terceiros,28.02.2024,
714,29.06.2023,Manutenção de Hardware,Aguardando Resposta de Terceiros,03.03.2024,
715,09.06.2023,Instalar Programa,Aguardando Resposta de Terceiros,12.02.2024,
716,24.10.2023,Instalar o Office,Concluído,19.02.2024,13.01.2024
717,12.04.2023,Desinstalar Programa,Aguardando Resposta de Terceiros,19.02.2024,
718,19.01.2024,Formatar Computador,Não Concluído,16.02.2024,
719,23.04.2023,Formatar Computador,Não Concluído,13.02.2024,
720,07.05.2023,Formatar Computador,Não Concluído,25.02.2024,
721,28.08.2023,Manutenção de Hardware,Não Concluído,22.02.2024,
722,21.03.2023,Manutenção de Hardware,Concluído,03.03.2024,31.01.2024
723,08.12.2023,Desinstalar Programa,Concluído,04.03.2024,02.02.2024
724,26.03.2023,Instalar o Office,Aguardando Resposta Usuário,23.02.2024,
725,10.02.2024,Formatar Computador,Aguardando Resposta Usuário,15.02.2024,
726,28.10.2023,Instalar Programa,Aguardando Resposta Usuário,13.02.2024,
727,27.03.2023,Instalar o Office,Aguardando Resposta de Terceiros,19.02.2024,
728,28.03.2023,Instalar Programa,Concluído,06.03.2024,02.02.2024
729,04.01.2024,Desinstalar Programa,Concluído,09.03.2024,15.01.2024
730,21.01.2024,Instalar Programa,Aguardando Resposta Usuário,05.03.2024,
731,26.05.2023,Resolver travamento,Aguardando Resposta Usuário,29.02.2024,
732,17.06.2023,Instalar Programa,Aguardando Resposta Usuário,13.02.2024,
733,31.08.2023,Instalar Programa,Aguardando Resposta Usuário,18.02.2024,
734,03.05.2023,Resolver travamento,Aguardando Resposta Usuário,05.03.2024,
735,21.09.2023,Instalar Programa,Não Concluído,23.02.2024,
736,25.12.2023,Desinstalar Programa,Não Concluído,18.02.2024,
737,25.03.2023,Instalar Programa,Aguardando Resposta Usuário,05.03.2024,
738,27.10.2023,Manutenção de Hardware,Concluído,12.03.2024,03.02.2024
739,02.08.2023,Desinstalar Programa,Aguardando Resposta Usuário,25.02.2024,
740,31.12.2023,Instalar Programa,Aguardando Resposta de Terceiros,17.02.2024,
741,30.06.2023,Instalar o Office,Aguardando Resposta Usuário,08.03.2024,
742,22.05.2023,Formatar Computador,Não Concluído,21.02.2024,
743,26.09.2023,Desinstalar Programa,Não Concluído,16.02.2024,
744,18.02.2023,Instalar Programa,Aguardando Resposta de Terceiros,03.03.2024,
745,09.10.2023,Instalar o Office,Aguardando Resposta de Terceiros,18.02.2024,
746,03.09.2023,Instalar o Office,Concluído,02.03.2024,23.01.2024
747,19.10.2023,Manutenção de Hardware,Não Concluído,27.02.2024,
748,10.06.2023,Instalar Programa,Aguardando Resposta Usuário,01.03.2024,
749,24.11.2023,Resolver travamento,Concluído,28.02.2024,14.01.2024
750,25.03.2023,Resolver travamento,Não Concluído,16.02.2024,
751,27.08.2023,Desinstalar Programa,Aguardando Resposta de Terceiros,26.02.2024,
752,22.12.2023,Desinstalar Programa,Não Concluído,29.02.2024,
753,08.07.2023,Resolver travamento,Não Concluído,17.02.2024,
754,31.12.2023,Instalar Programa,Aguardando Resposta Usuário,08.03.2024,
755,14.01.2024,Instalar o Office,Aguardando Resposta de Terceiros,07.03.2024,
756,20.06.2023,Manutenção de Hardware,Concluído,29.02.2024,04.02.2024
757,09.07.2023,Instalar o Office,Aguardando Resposta de Terceiros,12.03.2024,
758,23.10.2023,Resolver travamento,Aguardando Resposta de Terceiros,25.02.2024,
759,07.04.2023,Desinstalar Programa,Aguardando Resposta de Terceiros,22.02.2024,
760,08.11.2023,Desinstalar Programa,Concluído,03.03.2024,17.01.2024
761,21.12.2023,Manutenção de Hardware,Concluído,27.02.2024,22.01.2024
762,17.03.2023,Instalar Programa,Aguardando Resposta Usuário,12.03.2024,
763,20.08.2023,Formatar Computador,Aguardando Resposta de Terceiros,11.03.2024,
764,23.09.2023,Instalar Programa,Aguardando Resposta Usuário,20.02.2024,
765,29.04.2023,Formatar Computador,Concluído,25.02.2024,30.01.2024
766,21.07.2023,Formatar Computador,Não Concluído,20.02.2024,
767,19.12.2023,Manutenção de Hardware,Aguardando Resposta de Terceiros,18.02.2024,
768,16.02.2023,Formatar Computador,Aguardando Resposta de Terceiros,29.02.2024,
769,15.11.2023,Resolver travamento,Concluído,20.02.2024,31.01.2024
770,24.03.2023,Desinstalar Programa,Aguardando Resposta Usuário,15.02.2024,
771,08.12.2023,Instalar o Office,Aguardando Resposta de Terceiros,28.02.2024,
772,10.03.2023,Manutenção de Hardware,Concluído,18.02.2024,13.01.2024
773,08.11.2023,Manutenção de Hardware,Concluído,15.02.2024,22.01.2024
774,14.01.2024,Formatar Computador,Aguardando Resposta de Terceiros,18.02.2024,
775,21.11.2023,Manutenção de Hardware,Aguardando Resposta de Terceiros,01.03.2024,
776,21.07.2023,Desinstalar Programa,Não Concluído,13.02.2024,
777,25.11.2023,Instalar Programa,Aguardando Resposta de Terceiros,07.03.2024,
778,07.02.2024,Resolver travamento,Não Concluído,01.03.2024,
779,25.01.2024,Desinstalar Programa,Não Concluído,07.03.2024,
780,24.07.2023,Instalar o Office,Aguardando Resposta Usuário,06.03.2024,
781,03.03.2023,Desinstalar Programa,Aguardando Resposta de Terceiros,25.02.2024,
782,07.06.2023,Instalar o Office,Não Concluído,09.03.2024,
783,16.01.2024,Instalar o Office,Não Concluído,17.02.2024,
784,11.06.2023,Formatar Computador,Concluído,05.03.2024,23.01.2024
785,13.01.2024,Instalar o Office,Não Concluído,19.02.2024,
786,25.05.2023,Resolver travamento,Concluído,13.02.2024,05.02.2024
787,27.10.2023,Instalar Programa,Não Concluído,24.02.2024,
788,12.07.2023,Resolver travamento,Concluído,09.03.2024,08.02.2024
789,09.02.2024,Manutenção de Hardware,Concluído,04.03.2024,26.01.2024
790,20.11.2023,Instalar o Office,Aguardando Resposta Usuário,16.02.2024,
791,02.09.2023,Manutenção de Hardware,Concluído,26.02.2024,31.01.2024
792,30.10.2023,Formatar Computador,Concluído,14.02.2024,03.02.2024
793,10.04.2023,Formatar Computador,Aguardando Resposta Usuário,13.02.2024,
794,31.07.2023,Resolver travamento,Aguardando Resposta Usuário,02.03.2024,
795,13.11.2023,Formatar Computador,Aguardando Resposta Usuário,15.02.2024,
796,25.10.2023,Resolver travamento,Concluído,14.02.2024,26.01.2024
797,13.12.2023,Formatar Computador,Aguardando Resposta Usuário,09.03.2024,
798,14.10.2023,Manutenção de Hardware,Não Concluído,25.02.2024,
799,17.09.2023,Instalar Programa,Concluído,14.02.2024,18.01.2024
800,12.06.2023,Manutenção de Hardware,Não Concluído,07.03.2024,
801,31.01.2024,Resolver travamento,Concluído,17.02.2024,23.01.2024
802,23.09.2023,Instalar o Office,Aguardando Resposta de Terceiros,29.02.2024,
803,09.08.2023,Desinstalar Programa,Aguardando Resposta de Terceiros,07.03.2024,
804,09.07.2023,Desinstalar Programa,Não Concluído,06.03.2024,
805,22.08.2023,Formatar Computador,Aguardando Resposta de Terceiros,17.02.2024,
806,11.12.2023,Manutenção de Hardware,Não Concluído,17.02.2024,
807,19.05.2023,Desinstalar Programa,Concluído,14.02.2024,24.01.2024
808,24.08.2023,Desinstalar Programa,Não Concluído,19.02.2024,
809,25.06.2023,Resolver travamento,Aguardando Resposta de Terceiros,25.02.2024,
810,15.01.2024,Desinstalar Programa,Não Concluído,16.02.2024,
811,25.03.2023,Resolver travamento,Aguardando Resposta Usuário,05.03.2024,
812,07.08.2023,Instalar Programa,Não Concluído,22.02.2024,
813,09.10.2023,Instalar Programa,Concluído,15.02.2024,19.01.2024
814,25.10.2023,Resolver travamento,Aguardando Resposta Usuário,06.03.2024,
815,21.07.2023,Resolver travamento,Aguardando Resposta Usuário,24.02.2024,
816,08.01.2024,Manutenção de Hardware,Aguardando Resposta Usuário,05.03.2024,
817,19.09.2023,Desinstalar Programa,Aguardando Resposta Usuário,11.03.2024,
818,29.09.2023,Desinstalar Programa,Concluído,02.03.2024,21.01.2024
819,24.01.2024,Desinstalar Programa,Não Concluído,03.03.2024,
820,13.12.2023,Formatar Computador,Aguardando Resposta de Terceiros,21.02.2024,
821,06.08.2023,Manutenção de Hardware,Aguardando Resposta Usuário,07.03.2024,
822,07.08.2023,Instalar o Office,Concluído,28.02.2024,20.01.2024
823,21.06.2023,Manutenção de Hardware,Aguardando Resposta de Terceiros,01.03.2024,
824,27.01.2024,Instalar o Office,Aguardando Resposta de Terceiros,09.03.2024,
825,28.03.2023,Resolver travamento,Concluído,16.02.2024,05.02.2024
826,11.12.2023,Formatar Computador,Aguardando Resposta de Terceiros,20.02.2024,
827,11.11.2023,Desinstalar Programa,Aguardando Resposta Usuário,20.02.2024,
828,24.09.2023,Instalar Programa,Aguardando Resposta de Terceiros,05.03.2024,
829,04.10.2023,Manutenção de Hardware,Aguardando Resposta de Terceiros,16.02.2024,
830,24.04.2023,Manutenção de Hardware,Aguardando Resposta de Terceiros,16.02.2024,
831,16.07.2023,Formatar Computador,Concluído,29.02.2024,07.02.2024
832,14.09.2023,Instalar o Office,Aguardando Resposta Usuário,14.02.2024,
833,01.06.2023,Instalar Programa,Aguardando Resposta Usuário,13.02.2024,
834,01.11.2023,Instalar o Office,Não Concluído,18.02.2024,
835,31.10.2023,Formatar Computador,Concluído,27.02.2024,23.01.2024
836,26.10.2023,Resolver travamento,Não Concluído,12.02.2024,
837,05.11.2023,Instalar Programa,Concluído,13.02.2024,22.01.2024
838,12.02.2023,Desinstalar Programa,Concluído,20.02.2024,04.02.2024
839,24.05.2023,Instalar o Office,Aguardando Resposta Usuário,26.02.2024,
840,30.04.2023,Resolver travamento,Concluído,18.02.2024,30.01.2024
841,13.06.2023,Resolver travamento,Aguardando Resposta Usuário,15.02.2024,
842,20.03.2023,Instalar Programa,Aguardando Resposta Usuário,04.03.2024,
843,07.09.2023,Instalar Programa,Aguardando Resposta de Terceiros,17.02.2024,
844,19.02.2023,Instalar o Office,Concluído,06.03.2024,10.02.2024
845,09.07.2023,Manutenção de Hardware,Não Concluído,28.02.2024,
846,12.10.2023,Instalar Programa,Aguardando Resposta Usuário,01.03.2024,
847,09.11.2023,Formatar Computador,Aguardando Resposta Usuário,18.02.2024,
848,07.08.2023,Instalar Programa,Aguardando Resposta Usuário,12.02.2024,
849,16.09.2023,Instalar Programa,Concluído,02.03.2024,27.01.2024
850,19.08.2023,Formatar Computador,Aguardando Resposta de Terceiros,05.03.2024,
851,13.01.2024,Formatar Computador,Não Concluído,05.03.2024,
852,24.12.2023,Formatar Computador,Concluído,08.03.2024,02.02.2024
853,21.02.2023,Instalar o Office,Não Concluído,28.02.2024,
854,10.05.2023,Manutenção de Hardware,Não Concluído,18.02.2024,
855,06.03.2023,Manutenção de Hardware,Aguardando Resposta de Terceiros,20.02.2024,
856,08.07.2023,Instalar o Office,Aguardando Resposta Usuário,06.03.2024,
857,10.02.2024,Instalar Programa,Concluído,12.02.2024,10.02.2024
858,29.12.2023,Desinstalar Programa,Aguardando Resposta Usuário,01.03.2024,
859,21.11.2023,Resolver travamento,Aguardando Resposta Usuário,09.03.2024,
860,03.03.2023,Instalar Programa,Aguardando Resposta de Terceiros,02.03.2024,
861,29.09.2023,Resolver travamento,Aguardando Resposta de Terceiros,08.03.2024,
862,27.09.2023,Resolver travamento,Aguardando Resposta Usuário,25.02.2024,
863,19.08.2023,Instalar o Office,Aguardando Resposta Usuário,08.03.2024,
864,04.01.2024,Instalar o Office,Concluído,07.03.2024,14.01.2024
865,10.03.2023,Manutenção de Hardware,Não Concluído,18.02.2024,
866,16.03.2023,Formatar Computador,Aguardando Resposta Usuário,29.02.2024,
867,18.02.2023,Instalar Programa,Aguardando Resposta Usuário,06.03.2024,
868,24.12.2023,Manutenção de Hardware,Concluído,21.02.2024,27.01.2024
869,20.09.2023,Manutenção de Hardware,Não Concluído,13.02.2024,
870,08.08.2023,Manutenção de Hardware,Não Concluído,03.03.2024,
871,17.02.2023,Formatar Computador,Aguardando Resposta de Terceiros,19.02.2024,
872,02.06.2023,Desinstalar Programa,Não Concluído,22.02.2024,
873,26.07.2023,Desinstalar Programa,Concluído,04.03.2024,03.02.2024
874,13.02.2023,Manutenção de Hardware,Aguardando Resposta de Terceiros,14.02.2024,
875,19.02.2023,Instalar o Office,Concluído,17.02.2024,01.02.2024
876,14.02.2023,Desinstalar Programa,Não Concluído,20.02.2024,
877,21.06.2023,Formatar Computador,Não Concluído,28.02.2024,
878,29.12.2023,Instalar Programa,Não Concluído,14.02.2024,
879,25.12.2023,Desinstalar Programa,Aguardando Resposta Usuário,26.02.2024,
880,09.09.2023,Formatar Computador,Aguardando Resposta Usuário,01.03.2024,
881,11.02.2023,Manutenção de Hardware,Aguardando Resposta Usuário,05.03.2024,
882,01.04.2023,Instalar Programa,Aguardando Resposta Usuário,22.02.2024,
883,29.11.2023,Instalar Programa,Não Concluído,13.02.2024,
884,11.02.2023,Manutenção de Hardware,Concluído,23.02.2024,03.02.2024
885,12.04.2023,Desinstalar Programa,Aguardando Resposta de Terceiros,15.02.2024,
886,03.12.2023,Instalar Programa,Aguardando Resposta de Terceiros,20.02.2024,
887,28.08.2023,Formatar Computador,Aguardando Resposta Usuário,12.03.2024,
888,07.02.2024,Formatar Computador,Aguardando Resposta Usuário,04.03.2024,
889,21.06.2023,Manutenção de Hardware,Concluído,02.03.2024,04.02.2024
890,19.06.2023,Manutenção de Hardware,Aguardando Resposta de Terceiros,05.03.2024,
891,13.03.2023,Instalar Programa,Não Concluído,18.02.2024,
892,18.11.2023,Desinstalar Programa,Concluído,08.03.2024,18.01.2024
893,08.03.2023,Instalar Programa,Não Concluído,18.02.2024,
894,13.05.2023,Instalar o Office,Aguardando Resposta Usuário,27.02.2024,
895,03.05.2023,Instalar o Office,Concluído,12.02.2024,29.01.2024
896,05.04.2023,Desinstalar Programa,Concluído,19.02.2024,20.01.2024
897,14.01.2024,Instalar o Office,Aguardando Resposta de Terceiros,27.02.2024,
898,12.08.2023,Manutenção de Hardware,Concluído,20.02.2024,25.01.2024
899,18.11.2023,Manutenção de Hardware,Aguardando Resposta Usuário,13.02.2024,
900,23.12.2023,Instalar Programa,Não Concluído,02.03.2024,
901,10.11.2023,Resolver travamento,Aguardando Resposta Usuário,12.03.2024,
902,11.09.2023,Instalar o Office,Concluído,13.02.2024,02.02.2024
903,29.01.2024,Resolver travamento,Aguardando Resposta de Terceiros,22.02.2024,
904,14.02.2023,Desinstalar Programa,Concluído,12.03.2024,13.01.2024
905,16.04.2023,Resolver travamento,Não Concluído,29.02.2024,
906,20.09.2023,Instalar Programa,Não Concluído,06.03.2024,
907,26.01.2024,Instalar o Office,Aguardando Resposta Usuário,10.03.2024,
908,15.01.2024,Manutenção de Hardware,Aguardando Resposta de Terceiros,20.02.2024,
909,13.10.2023,Formatar Computador,Não Concluído,26.02.2024,
910,22.08.2023,Manutenção de Hardware,Aguardando Resposta de Terceiros,14.02.2024,
911,02.08.2023,Desinstalar Programa,Aguardando Resposta de Terceiros,05.03.2024,
912,27.01.2024,Instalar Programa,Aguardando Resposta Usuário,14.02.2024,
913,24.04.2023,Instalar Programa,Aguardando Resposta Usuário,17.02.2024,
914,18.08.2023,Manutenção de Hardware,Não Concluído,11.03.2024,
915,20.07.2023,Formatar Computador,Não Concluído,12.02.2024,
916,01.11.2023,Resolver travamento,Não Concluído,22.02.2024,
917,22.04.2023,Instalar o Office,Não Concluído,14.02.2024,
918,26.01.2024,Desinstalar Programa,Concluído,29.02.2024,31.01.2024
919,04.06.2023,Instalar Programa,Não Concluído,03.03.2024,
920,06.03.2023,Instalar Programa,Concluído,12.02.2024,22.01.2024
921,28.06.2023,Resolver travamento,Não Concluído,27.02.2024,
922,04.02.2024,Formatar Computador,Não Concluído,23.02.2024,
923,24.12.2023,Manutenção de Hardware,Aguardando Resposta de Terceiros,17.02.2024,
924,30.03.2023,Resolver travamento,Não Concluído,27.02.2024,
925,24.09.2023,Instalar o Office,Aguardando Resposta de Terceiros,01.03.2024,
926,08.01.2024,Manutenção de Hardware,Concluído,16.02.2024,16.01.2024
927,13.10.2023,Formatar Computador,Não Concluído,13.02.2024,
928,25.04.2023,Desinstalar Programa,Concluído,19.02.2024,15.01.2024
929,07.02.2024,Instalar Programa,Aguardando Resposta de Terceiros,04.03.2024,
930,13.10.2023,Instalar o Office,Aguardando Resposta de Terceiros,17.02.2024,
931,09.06.2023,Desinstalar Programa,Aguardando Resposta Usuário,26.02.2024,
932,04.02.2024,Desinstalar Programa,Aguardando Resposta Usuário,08.03.2024,
933,03.10.2023,Manutenção de Hardware,Não Concluído,12.02.2024,
934,19.07.2023,Resolver travamento,Não Concluído,29.02.2024,
935,16.01.2024,Formatar Computador,Aguardando Resposta de Terceiros,20.02.2024,
936,22.11.2023,Instalar o Office,Aguardando Resposta Usuário,02.03.2024,
937,13.03.2023,Formatar Computador,Não Concluído,12.02.2024,
938,21.12.2023,Manutenção de Hardware,Concluído,28.02.2024,22.01.2024
939,20.04.2023,Instalar o Office,Aguardando Resposta Usuário,04.03.2024,
940,24.01.2024,Formatar Computador,Aguardando Resposta de Terceiros,17.02.2024,
941,19.06.2023,Instalar o Office,Não Concluído,29.02.2024,
942,19.12.2023,Resolver travamento,Aguardando Resposta de Terceiros,02.03.2024,
943,03.11.2023,Instalar Programa,Aguardando Resposta de Terceiros,07.03.2024,
944,20.01.2024,Desinstalar Programa,Aguardando Resposta de Terceiros,04.03.2024,
945,02.11.2023,Instalar o Office,Concluído,21.02.2024,13.01.2024
946,17.11.2023,Resolver travamento,Não Concluído,02.03.2024,
947,22.05.2023,Resolver travamento,Concluído,01.03.2024,08.02.2024
948,24.03.2023,Instalar Programa,Concluído,11.03.2024,10.02.2024
949,13.08.2023,Instalar Programa,Aguardando Resposta de Terceiros,22.02.2024,
950,15.12.2023,Instalar o Office,Aguardando Resposta Usuário,02.03.2024,
951,12.02.2023,Formatar Computador,Aguardando Resposta de Terceiros,03.03.2024,
952,18.11.2023,Resolver travamento,Aguardando Resposta Usuário,25.02.2024,
953,29.04.2023,Manutenção de Hardware,Aguardando Resposta Usuário,07.03.2024,
954,17.02.2023,Resolver travamento,Aguardando Resposta Usuário,19.02.2024,
955,16.02.2023,Desinstalar Programa,Aguardando Resposta de Terceiros,19.02.2024,
956,06.06.2023,Formatar Computador,Não Concluído,12.03.2024,
957,09.07.2023,Desinstalar Programa,Concluído,22.02.2024,25.01.2024
958,13.12.2023,Manutenção de Hardware,Aguardando Resposta Usuário,01.03.2024,
959,14.03.2023,Instalar Programa,Aguardando Resposta de Terceiros,21.02.2024,
960,15.02.2023,Resolver travamento,Aguardando Resposta Usuário,16.02.2024,
961,04.05.2023,Instalar Programa,Não Concluído,06.03.2024,
962,14.12.2023,Desinstalar Programa,Aguardando Resposta de Terceiros,13.02.2024,
963,25.03.2023,Instalar o Office,Aguardando Resposta Usuário,28.02.2024,
964,07.09.2023,Manutenção de Hardware,Concluído,12.03.2024,18.01.2024
965,06.11.2023,Desinstalar Programa,Concluído,16.02.2024,03.02.2024
966,07.05.2023,Formatar Computador,Aguardando Resposta Usuário,28.02.2024,
967,20.12.2023,Desinstalar Programa,Concluído,19.02.2024,21.01.2024
968,07.07.2023,Desinstalar Programa,Concluído,22.02.2024,30.01.2024
969,24.03.2023,Instalar o Office,Aguardando Resposta Usuário,27.02.2024,
970,10.12.2023,Manutenção de Hardware,Aguardando Resposta de Terceiros,18.02.2024,
971,28.07.2023,Instalar Programa,Concluído,24.02.2024,15.01.2024
972,17.08.2023,Resolver travamento,Aguardando Resposta Usuário,18.02.2024,
973,14.09.2023,Instalar Programa,Aguardando Resposta de Terceiros,19.02.2024,
974,02.11.2023,Formatar Computador,Concluído,29.02.2024,27.01.2024
975,26.06.2023,Instalar o Office,Não Concluído,20.02.2024,
976,30.08.2023,Desinstalar Programa,Concluído,26.02.2024,10.02.2024
977,25.04.2023,Desinstalar Programa,Não Concluído,01.03.2024,
978,24.11.2023,Formatar Computador,Aguardando Resposta Usuário,05.03.2024,
979,16.07.2023,Instalar o Office,Concluído,21.02.2024,12.01.2024
980,26.11.2023,Desinstalar Programa,Aguardando Resposta Usuário,19.02.2024,
981,01.09.2023,Desinstalar Programa,Aguardando Resposta Usuário,23.02.2024,
982,17.07.2023,Resolver travamento,Concluído,01.03.2024,19.01.2024
983,06.08.2023,Desinstalar Programa,Não Concluído,02.03.2024,
984,21.06.2023,Manutenção de Hardware,Aguardando Resposta de Terceiros,02.03.2024,
985,20.04.2023,Desinstalar Programa,Aguardando Resposta Usuário,01.03.2024,
986,01.02.2024,Instalar o Office,Aguardando Resposta de Terceiros,26.02.2024,
987,08.03.2023,Instalar o Office,Aguardando Resposta Usuário,25.02.2024,
988,12.12.2023,Instalar o Office,Aguardando Resposta Usuário,02.03.2024,
989,28.02.2023,Formatar Computador,Aguardando Resposta de Terceiros,07.03.2024,
990,01.12.2023,Manutenção de Hardware,Aguardando Resposta Usuário,29.02.2024,
991,07.10.2023,Instalar o Office,Concluído,27.02.2024,15.01.2024
992,24.02.2023,Resolver travamento,Aguardando Resposta Usuário,06.03.2024,
993,19.02.2023,Instalar Programa,Aguardando Resposta Usuário,05.03.2024,
994,17.01.2024,Instalar Programa,Aguardando Resposta de Terceiros,26.02.2024,
995,21.04.2023,Instalar Programa,Não Concluído,25.02.2024,
996,24.12.2023,Instalar Programa,Não Concluído,17.02.2024,
997,10.02.2024,Resolver travamento,Não Concluído,03.03.2024,
998,23.11.2023,Manutenção de Hardware,Concluído,23.02.2024,03.02.2024
999,02.03.2023,Desinstalar Programa,Aguardando Resposta de Terceiros,19.02.2024,
1000,14.02.2023,Manutenção de Hardware,Aguardando Resposta Usuário,05.03.2024,

